# name	tier	url	ref	builder	distribution	submodules
# Only sources that production code actually patches or includes are cloned.
# Production source inputs are pinned to the exact revisions used for the B300
# qualification. TileLang, TVM-FFI, Quack and CUTLASS DSL use published wheels;
# the cuDNN frontend headers are already vendored under cpp/external.
cutlass	core	https://github.com/NVIDIA/cutlass.git	6c68991985ca8b09594ac6fd43abbfd5830c4140	header	-	none
flash-attention	core	https://github.com/Dao-AILab/flash-attention.git	0251105a2fb19d2957484b7f023cd8c115286ced	python:flash_attn/cute	flash-attn-4	csrc/cutlass
QFlash	research	https://github.com/EfficientCompLab/qflash.git	HEAD	python:.	qflash	none
SageAttention	research	https://github.com/thu-ml/SageAttention.git	HEAD	python:.	sageattention	recursive
luminal	research	https://github.com/luminal-ai/luminal.git	HEAD	rust	luminal-python	recursive
